service_id,service_name,provider_name,service_description,description_spanish,address,phone,other_contact,link
3,St. Michael and All Angles,St. Michael and All Angles,"Groceries and ready-to-eat meals every Month on the 3rd Saturday at 3:00pm
Open to anyone in need, all ages 
","Comestibles y comidas preparadas todos los meses el 3er sábado a las 15:00. Abierto a cualquier persona necesitada, todas las edades","8501 New Hampshire Ave Adelphi, MD 20783",240-882-0274,,https://www.foodhelpline.org/directory/resources/cle82frab048c0d02hv47zhzq
10,Federal Food Benefit Matching,Crossroads Farmers Market,"Since 2007, our fresh checks program doubles the dollar amount of purchases using 
federal food benefits such as WIC, snap and senior nutritional benefits.","Desde 2007, nuestro programa de cheques frescos duplica el importe en dólares de las compras que utilizan prestaciones alimentarias federales como WIC, snap y prestaciones nutricionales para mayores.","Main Office: 6930 Carroll Avenue
Suite 426 Takoma Park, MD 20912",301-615-3806,,https://www.crossroadscommunityfoodnetwork.org/
11,"Partnership for Prescription 
Assistance Program",Professional Prescription Advice,"The Partnership for Prescription Assistance Program helps qualifying patients without 
prescription drug coverage get the medicines they need through the program that is 
right for them. Many will get their medications free or nearly free.",El Programa de Asistencia para Medicamentos Recetadas ayuda a pacientes que califican y que no tienen cobertura de medicamentos con receta a obtener los medicamentos que necesitan a través del programa que les convenga. Muchos recibirán sus medicamentos de forma gratuita o casi gratis.,,"888-477-2669
",,https://www.pparx.org/
50,Anti-Trafficking,University of Maryland SAFE Center,"Case management, Behavioral health, Legal, Economic empowerment","Community Crisis Services, Inc. Coordina las colocaciones de refugio a Condado de Prince George. Los refugios están disponibles para hombres, mujeres y niños. Nuestro programa ayuda a las personas y familias a identificar otros recursos para ayudarles a permanecer en su situación de vida actual antes de que se conviertan en personas sin hogar.","Mailing:
PO Box 923
College Park, MD 20741","301-314-7233
",,"https://umdsafecenter.org/refer-a-client/ "
4,Grace United Methodist Church,Grace United Methodist Church,"Open to Maryland residents 10:00 am–1:00 pm every month on the 1st Saturday
","Abierto para los residentes de Maryland, de 10.00 a 13.00 horas, el primer sábado de cada mes.","7001 New Hampshire Ave Takoma Park, MD 20912",240-450-2092,,https://www.foodhelpline.org/directory/resources/cle82f9q703c10d02uhq3clq8
12,Langley Park Walk In Medical,N/A,Affordable walk in medical clinic,"Langley Park Walk In Medical es una clínica médica de acceso directo y asequible dedicada a proporcionar servicios de atención médica accesibles a individuos y familias en la comunidad. Sin necesidad de cita previa, los pacientes pueden recibir atención médica rápida a tarifas razonables. Nuestra clínica se esfuerza por garantizar que la atención médica de calidad esté al alcance de todos, independientemente de las limitaciones financieras, lo que nos convierte en un recurso confiable para soluciones de atención médica asequibles.","1040 University Blvd E, Silver Spring, MD 20903",301-445-7026,,
13,"LA CLINICA DEL PUEBLO - 
HYATTSVILLE SITE","La Clínica del Pueblo ","Since 1983, La Clínica del Pueblo has been addressing the distinct health 
needs of our community through comprehensive primary medical care with 
wrap-around services across the life spectrum; mental health and substance use 
treatment; medical interpretation and language access advocacy; community health 
including health education and safe spaces; and advocacy strategies to increase 
inclusion and health equity for Latino immigrants.

","Desde 1983, La Clínica del Pueblo ha estado abordando las distintas necesidades de salud de nuestra comunidad a través de una atención médica primaria integral con servicios complementarios en todo el espectro de la vida; tratamiento de salud mental y uso de sustancias; interpretación médica y promoción del acceso al idioma; salud comunitaria, incluida la educación sobre salud y espacios seguros; y estrategias de defensa para aumentar la inclusión y la equidad en salud para los inmigrantes latinos.",,240-714-5247,,https://www.lcdp.org/
8,Compassion Centers,Lutheran Mission Society Compassion Place,"Free food to meet basic nutritional needs and clothing for all ages
Covers residents of Hytattsville, MD
","Alimentos gratuitos para cubrir las necesidades nutricionales básicas y ropa para todas las edades. Cubre a los residentes de Hytattsville, MD","3799 East-West Highway Hyattsville, MD 20782",301-277-2303,,"https://www.findhelp.org/lutheran-mission-society-compassion-place--hyattsville
-md--compassion-centers/5843683812048896?postal=20783"
9,Food Pantry,Church of the Living God,"Food to meet basic nutritional needs
Anyone can access this program (residents of Hyattsville, MD)
Documents Required: Identification and Valid photo ID","Alimentos para cubrir las necesidades nutricionales básicas. Cualquier persona puede acceder a este programa (residentes de Hyattsville, MD). Documentos requeridos: Identificación con foto válida","1417 Chillum Road Hyattsville, MD 20782",301-559-8893,,"https://www.findhelp.org/provider/church-of-the-living-god--hyattsville-md/
6193409609170944?postal=20783"
0,Clifton Park Baptist Church,Clifton Park Baptist Church (CLIF),"Food is available once a month, recipents must pre-qualified and registered by 
contacting the church office","La comida está disponible una vez al mes, los beneficiarios deben pre-calificado y registrado poniéndose en contacto con la oficina de la iglesia","8818 Piney Branch Road Clifton Park Village, MD 20903",301-434-2456,https://www.cliftonparkbaptistchurch.org/copy-of-discipleship,https://www.foodhelpline.org/directory/resources/clhl31yc601v9mb0hi6zhrtsw
1,SHARE Ministry Outreach,Turner Memorial AME Church,"First come, first serve: Open until food runs out 

Every other Friday at 12pm",Por orden de llegada: Abierto hasta que se acabe la comida. Viernes alternos a las 12h,"7201 16th Place Hyattsville, MD 20783",240-417-6012,301-408-0750 https://www.turner-ame.org/religious-organizations-mission-and-outreach,https://www.foodhelpline.org/directory/resources/cle82eqxt028u0d02rhk3vdo8
5,Mt. Jezreel Baptist Church,Mt. Jezreel Baptist Church,10:00 am–2:00 pm every month on the 1st Saturday,"De 10.00 a 14.00 h, el primer sábado de cada mes","420 University Blvd East, Silver Spring, MD 20901",301-461-4257,https://www.mtjezreel.com/,"https://www.foodhelpline.org/directory/resources/cle82fe8403kl0d02959zh6ts "
14,CCI-SILVER SPRING,"THE COMMUNITY CLINIC, INC.","CCI Health Services is a 501c(3) non-profit organization that brings 
high-quality, affordable healthcare to every patient during all stages of life.",CCI Health Services es una organización 501c(3) que ofrece asistencia sanitaria asequible y de alta calidad a todos los pacientes durante todas las etapas de la vida.,,301-585-1250,,https://cciweb.org/our-impact/
16,MARY'S CENTER DENTAL BUS,MARY'S CENTER FOR MATERNAL AND CHILD CARE INC.,"Mary's Center is demonstrating how improved access to prenatal and 
pediatric care, coupled with sensitivity to culture and family","El Mary Center es una organización que brinda servicios integrales de atención médica, social y educativa a personas y familias de bajos recursos y desatendidas, todo ello combinado con sensibilidad hacia la cultura y la familia.",,202-420-8021,,https://www.maryscenter.org/
17,"MOBILEMED LONG BRANCH COMMUNITY 
CENTER VAN",MOBILE MEDICAL CARE INC,"We provide accessible medical services for insured, uninsured, low-income, 
and Medicare/Medicaid-enrolled residents, building a healthier community.
","Proporcionamos servicios médicos accesibles a residentes asegurados, no asegurados, con bajos ingresos y afiliados a Medicare/Medicaid, para construir una comunidad más sana.",,301-493-2400,,https://mobilemedicalcare.org/
18,Adult Rehabilitation Center (ARC),The Salvation Army Maryland,"Provides emotional assistance for men who have lost the ability to cope with their 
problems and provide for themselves.

Services are available for men ages 21 to 65 seeking help with chemical and 
alcohol addictions.",El Programa de Recuperación de Adicciones de The Salvation Army en Maryland ofrece asistencia emocional y apoyo integral para hombres que han perdido la capacidad de hacer frente a sus problemas y proveer para sí mismos. Nuestros servicios están disponibles para hombres de entre 21 y 65 años que buscan ayuda con adicciones a sustancias químicas y alcohol.,"The Salvation Army Washington
Adult Rehabilitation Center
3304 Kenilworth Avenue
Hyattsville, MD 20781",301-277-7878,,"https://www.findhelp.org/the-salvation-army-maryland---hyattsville--
hyattsville-md--adult-rehabilitation-center-%2528arc%2529/
5356935822180352?postal=20783

https://www.salvationarmydcarc.org/"
19,Wellness & Recovery Centers,"On Our Own of Maryland, Inc.","Addiction & recovery, 12-step, mental health care, support network, peer support,
support groups, wellness and recovery action planning, nutrition and health workshops","On Our Own of Maryland, Inc. es una organización dedicada a empoderar a individuos en su camino hacia la recuperación y el bienestar mental. A través de la promoción, educación y servicios de apoyo integrales, nuestro objetivo es fomentar comunidades inclusivas donde las personas con desafíos de salud mental puedan prosperar. Nuestra organización ofrece una amplia gama de servicios, que incluyen apoyo para la recuperación de adicciones, programas de 12 pasos, atención de salud mental, apoyo de pares, grupos de apoyo, planificación de acciones de bienestar y recuperación (WRAP), y talleres de nutrición y salud. En On Our Own of Maryland, Inc., estamos comprometidos a promover la recuperación, la resiliencia y la esperanza para las personas que enfrentan desafíos de salud mental y adicción.","On Our Way of PG County, Inc.
5109 Baltimore Avenue
Hyattsville, MD 20781",240-533-7308,,"https://www.findhelp.org/on-our-own-of-maryland%252C-inc.--
hyattsville-md--wellness-%2526-recovery-centers/
6209350471254016?postal=20783"
20,Social Services,Ayuda,"The Ayuda Social Services team specializes in working with the immigrant community, in 
particular survivors of domestic violence, sexual assault, stalking, and human trafficking.

Ayuda Social Services provides trauma-informed, holistic case management, culturally 
specific counseling, and emotional accompaniment and advocacy to survivors of crime 
who live in DC, Maryland, and Virginia.

Our services are provided in multiple languages
All social services and programs are voluntary and at no cost
Social services participation does not require a legal case with Ayuda","El equipo de Servicios Sociales de Ayuda se enfoca en asistir a la comunidad inmigrante, específicamente a sobrevivientes de violencia doméstica, agresión sexual, acoso y trata de personas. Nuestros servicios incluyen manejo de casos informado por el trauma, asesoramiento culturalmente específico y apoyo emocional para los sobrevivientes que residen en DC, Maryland y Virginia. Ofrecemos nuestros servicios en varios idiomas y son proporcionados de manera voluntaria y gratuita. La participación en nuestros programas de servicios sociales no requiere estar involucrado en un caso legal con Ayuda.","D.C. Office
1990 K Street NW, Suite 500
Washington, DC 20006
Phone: 202-387-4848

Maryland Office
8757 Georgia Ave, Suite 800
Silver Spring, MD 20910
Phone: 240-594-0600",240-594-0600,,https://ayuda.com/new-social-services/
21,"
Healing Trauma & Addiction (Multiple Services)",Catholic Charities (Maryland),"Catholic Charities provides wide range of mental and behavioral health services for 
children, adults, and families. Through our programs we offer mental health screening,
 counseling, therapy, psychiatric rehabilitation, substance use disorder treatment, 
medication treatment and telehealth.","Catholic Charities ofrece una amplia gama de servicios de salud mental y conductual para niños, adultos y familias. A través de nuestros programas ofrecemos exámenes de salud mental, asesoramiento, terapia, rehabilitación psiquiátrica, tratamiento de trastornos por uso de sustancias, tratamiento farmacológico y telesalud.","320 Cathedral Street
Baltimore, MD 21201",667-600-2000,,https://cc-md.org/our-programs/healing-trauma-addiction/
22,"Clinical Services ","La Clinica del Pueblo

","La Clinica employs a team-based model of care. We believe that developing strong 
partnerships with our patients and their families is the best way to achieve and maintain 
health.","La Clínica del Pueblo se dedica a proporcionar servicios de atención médica integrales y culturalmente competentes a comunidades desatendidas en Maryland. Nuestra misión es mejorar la salud y el bienestar de individuos y familias, independientemente de su capacidad de pago, a través de un compromiso con la excelencia, la compasión y la defensa.

Nuestro alcance de servicios incluye atención primaria, pediatría, planificación familiar, manejo de enfermedades crónicas y servicios de laboratorio. Desde la atención preventiva hasta el tratamiento de enfermedades agudas y el manejo de condiciones crónicas, ofrecemos una amplia gama de servicios de atención médica adaptados para satisfacer las diversas necesidades de nuestra comunidad."," 2831 15th St NW Washington, 
DC 20009","202-462-4788 ",,"https://www.lcdp.org/programs-and-strategies/medical-services
https://www.lcdp.org/patients/request-an-appointment"
23,Mental Health and Substance Use Services and Programs,"La Clinica del Pueblo

","At La Clínica, we are committed to meeting all physical and behavioral health needs of 
our patients. Our holistic approach to care sees mental health as a vital component 
to healthy living.","En La Clínica, nos comprometemos a satisfacer todas las necesidades de salud física y conductual de nuestros pacientes. Nuestro enfoque holístico de la atención considera la salud mental como un componente vital para una vida sana."," 2831 15th St NW Washington, 
DC 20009","202-462-4788 ",,"https://www.lcdp.org/programs-and-strategies/mental-health-substance-use
https://www.lcdp.org/patients/request-an-appointment"
24,Community Health Action Services and Programs,"La Clinica del Pueblo

","Our Community Health Action (CHA) department identifies, educates, and engages 
members of the community through health promotion and wellness activities, women’s 
reproductive health and gender-based violence prevention, LGBTQ empowerment, 
HIV/AIDS testing, counseling and referral, and chronic disease management.","Nuestro departamento de Acción Sanitaria Comunitaria (CHA) identifica, educa e involucra a miembros de la comunidad mediante actividades de promoción de la salud y el bienestar salud reproductiva de la mujer y la prevención de la violencia de género, el empoderamiento de LGBTQ, pruebas de VIH/SIDA, asesoramiento y derivación, y gestión de enfermedades crónicas."," 2831 15th St NW Washington, 
DC 20009","202-462-4788 ",,"https://www.lcdp.org/programs-and-strategies/community-health-action
https://www.lcdp.org/patients/request-an-appointment"
25,"Nutrition Education, Produce Distribution, Fun Food Experience","Brighter Bites ","up to 3-year program for qualifying elementary schools and summer enrichment 
programs; mission is to create communities of health through fresh foods; always looking 
for partnerships and support for the program; relies heavily on volunteer participants ","Brighter Bites se dedica a mejorar los resultados de salud y empoderar a las familias mediante la provisión de educación en nutrición, acceso a productos frescos y experiencias alimentarias agradables. Su programa integral abarca hasta tres años, dirigido a escuelas primarias calificadas y programas de enriquecimiento de verano. Su misión es cultivar comunidades de salud a través de alimentos frescos. Buscan activamente asociaciones y apoyo para sus iniciativas y dependen en gran medida de la participación de voluntarios. A través de la educación en nutrición basada en evidencia y la distribución de productos frescos a comunidades desatendidas, junto con actividades atractivas como demostraciones de cocina y degustaciones de recetas, Brighter Bites tiene como objetivo inculcar hábitos alimenticios saludables de por vida y empoderar a las familias para que prioricen su salud y bienestar.","Rajni Sood Laurent, Brighter Bites DC Senior Program Manager, 
rajni.sood.laurent@brighterbites.org",,,https://brighterbites.org/
26,"Application for  SNAP, Cash, Medicaid & Energy Assistance Programs:",Prince George's County Department of Social Services,"If you are in in of financial assistance programs such as food, cash, or medical 
assistance, an application can be submitted online or in person.  ","El Departamento de Servicios Sociales del Condado de Prince George ofrece programas de asistencia esenciales a residentes necesitados, incluyendo SNAP (Programa de Asistencia Nutricional Suplementaria), asistencia en efectivo, Medicaid y programas de asistencia energética. Estos programas ofrecen apoyo en diversas formas, como alimentos, atención médica, beneficios en efectivo y asistencia con las facturas de energía.

Las personas que buscan asistencia financiera pueden presentar una solicitud para estos programas en línea o en persona. Ya sea que se necesite ayuda alimentaria, en efectivo o médica, el departamento se esfuerza por hacer que el proceso de solicitud sea accesible y sencillo para aquellos que lo necesitan. A través de estos programas, el departamento tiene como objetivo aliviar las cargas financieras y mejorar el bienestar de individuos y familias en la comunidad..","DHS Main Office
311 West Saratoga Street
Baltimore, MD 21201",800-332-6347,,"To apply online or to get more information, please visit our website 
https://mymdthink.maryland.gov/home/#/benefits"
27,"Organ, Eye, and Tissue Donation Education/Vendor Events",Infinite Legacy,"We will come table events you have in the community and also help sponsor an aspect 
of your event as well. We want to help make community gatherings possible and 
educational as possible.",Damos la bienvenida a eventos de mesa en la comunidad y también ayudar a patrocinar un aspecto de su evento también. Queremos ayudar a que las reuniones de la comunidad sean posibles y educativas como sea posible.,"Corporate Office
1730 Twin Springs Rd. Suite 200
Baltimore, MD 21227","410-242-7000 ",,infinitelegacy.org
28,Crisis Hotline,"Community Crisis Services, Inc

","The term crisis means many different things to different people. Services for a crisis can 
range from addressing the needs of the homeless, family conflicts, emotional difficulties 
and suicide attempts to large scale disaster response. Our counselors are available 24 
hours a day to listen and help.","Community Crisis Services, Inc. promueve nuestra Línea de Crisis para la Prevención de Crisis. Entendemos que el término crisis puede significar cosas diferentes para diferentes personas. Nuestros servicios para situaciones de crisis abarcan una amplia gama de necesidades, desde abordar la falta de hogar y conflictos familiares hasta dificultades emocionales e intentos de suicidio, así como brindar asistencia durante desastres a gran escala. Nuestros consejeros están disponibles las 24 horas del día para escuchar y ofrecer apoyo.","DIAL 2-1-1 For Information and referral
1-800-422-0009 – Maryland Youth Crisis Hotline
301-864-7130 – Suicide/Crisis Hotline
1-800-273-TALK (8255) – National Suicide Prevention Lifeline",,,https://www.communitycrisis.org/?page_id=1098
29,"Domestic Violence Services:
Family Violence Intervention Clinic (FAMVIC)
Survivor's Program
Abusers Intervention Program (VIP)
Anger Management Program
Programa De Services En Langley Park","Community Crisis Services, Inc

","Check website page for specific information on each program. In addition, 
call to speak to a counselor.","Community Crisis Services, Inc. ofrece una variedad de servicios para la violencia doméstica destinados a apoyar a individuos y familias afectadas por el abuso doméstico. Nuestras ofertas incluyen la Clínica de Intervención en Violencia Familiar (FAMVIC), el Programa para Sobrevivientes, el Programa de Intervención para Agresores (VIP), el Programa de Manejo de la Ira y el Programa de Servicios en Langley Park. Para obtener información detallada sobre cada programa, visite nuestro sitio web. Alternativamente, puede hablar directamente con un consejero llamando a nuestra línea directa.","Main Phone Number: 301-864-7095
P.O. BOX 149
HYATTSVILLE, MD 20781",301-731-1203,,https://www.communitycrisis.org/?page_id=1098#1549996250196-56651d5f-822d
30,Homeless Services,"Community Crisis Services, Inc

","Community Crisis Services, Inc. Coordinates shelter placements to Prince George’s 
County shelters. Shelters are available to men, women & children. Our shelter diversion 
program helps individuals and families identify other resources to help them stay in their 
current living situation before they become homeless.","Community Crisis Services, Inc. Coordina las colocaciones de refugio a Condado de Prince George. Los refugios están disponibles para hombres, mujeres y niños. Nuestro programa ayuda a las personas y familias a identificar otros recursos para ayudarles a permanecer en su situación de vida actual antes de que se conviertan en personas sin hogar."," ",888-731-0999,,https://www.communitycrisis.org/?page_id=1098#1462406111928-669ebdb4-e2aa
31,Latino Legal Access Clinic,"Community Legal Services of Prince Georges County, Inc.","We provide brief advice to self-represented litigants. Bilingual staff is 
available. Income eligible clients, including domestic violence victims, 
may be referred to a lawyer for representation through this program.",El Programa de Asistencia para Medicamentos Recetadas ayuda a pacientes que califican y que no tienen cobertura de medicamentos con receta a obtener los medicamentos que necesitan a través del programa que les convenga. Muchos recibirán sus medicamentos de forma gratuita o casi gratis.,,240-391-6532,,https://www.clspgc.org/what-we-do/clinics/
32,Workers' Rights Legal Clinic,"Community Legal Services of Prince Georges County, Inc.","CLS provides brief legal advice and referrals in employment law matters 
and assistance in collecting unpaid wages. Staff members speak 
Spanish and English.
","Langley Park Walk In Medical es una clínica médica de acceso directo y asequible dedicada a proporcionar servicios de atención médica accesibles a individuos y familias en la comunidad. Sin necesidad de cita previa, los pacientes pueden recibir atención médica rápida a tarifas razonables. Nuestra clínica se esfuerza por garantizar que la atención médica de calidad esté al alcance de todos, independientemente de las limitaciones financieras, lo que nos convierte en un recurso confiable para soluciones de atención médica asequibles.",,240-391-6532,,https://www.clspgc.org/what-we-do/clinics/
33,Family Law Clinic for the Self-Represented,"Community Legal Services of Prince Georges County, Inc.","CLS provides brief advice to self-represented litigants. CLS 
staff lawyers may not represent litigants. Clients may be 
referred to our Lawyer Referral Program for services. Legal 
matters handled include family law, domestic violence, 
guardianship of disabled adults, small claims and tenant matters.","Desde 1983, La Clínica del Pueblo ha estado abordando las distintas necesidades de salud de nuestra comunidad a través de una atención médica primaria integral con servicios complementarios en todo el espectro de la vida; tratamiento de salud mental y uso de sustancias; interpretación médica y promoción del acceso al idioma; salud comunitaria, incluida la educación sobre salud y espacios seguros; y estrategias de defensa para aumentar la inclusión y la equidad en salud para los inmigrantes latinos.",,"240-391-6370

",,https://www.clspgc.org/what-we-do/clinics/
34,Housing Legal Assistance,CASA | Maryland Legal Services,"Eviction Prevention: CASA provides representation to individuals facing 
eviction, as well as pre-eviction intervention to resolve other 
housing-related issues (poor conditions, illegal fees, etc.). 
The legal team can also provide advice and guidance on other 
housing-related matters. If you are facing imminent eviction from 
your home, please call 240-553-8970.",CCI Health Services es una organización 501c(3) que ofrece asistencia sanitaria asequible y de alta calidad a todos los pacientes durante todas las etapas de la vida.,"8151 15th Ave
Langley Park, MD 20783","240-553-8970
","Multicultural Center (MCC)
Prince George's Welcome Center: 
(301) 431-4185",https://wearecasa.org/legal-services-md/
35,Employment Legal Assistance,CASA | Maryland Legal Services,"Wage Theft: If you have been the victim of wage theft (where your employer
 has not paid you properly for work you performed), call CASA’s legal 
hotline at 1-866-765-2272. CASA’s Legal Department will text you or return 
your call. If you are eligible, we may be able to help you recover your lost wages.","El Mary Center es una organización que brinda servicios integrales de atención médica, social y educativa a personas y familias de bajos recursos y desatendidas, todo ello combinado con sensibilidad hacia la cultura y la familia.","8151 15th Ave
Langley Park, MD 20783",866-765-2272,"Multicultural Center (MCC) 
Prince George's Welcome Center: 
(301) 431-4185",https://wearecasa.org/legal-services-md/
36,Immigration Legal Assistance,CASA | Maryland Legal Services,"CASA provides our members with free immigration legal consultations. To 
schedule an appointment, call 1-866-765-2272 and someone from CASA’s 
Legal Department will text or return your call to schedule an appointment. 
CASA does not guarantee that we will be able to provide individual representation
 to members after the consultation, but we will make every effort to provide an 
appropriate referral in cases we are unable to take on for full representation.","El Mary Center es una organización que brinda servicios integrales de atención médica, social y educativa a personas y familias de bajos recursos y desatendidas, todo ello combinado con sensibilidad hacia la cultura y la familia.","8151 15th Ave
Langley Park, MD 20783",866-765-2272,"Multicultural Center (MCC)
Prince George's Welcome Center: 
(301) 431-4185",https://wearecasa.org/legal-services-md/
51,"Refugee Employment 
Services","Lutheran Social Services of the 
National Capital Area (LSS/NCA)","Free services include:
- Job placement
- Orientation workshops
- Vocational trainings
- Help looking for jobs","Los servicios gratuitos incluyen:
- Inserción laboral
- Talleres de orientación
- Formación profesional
- Ayuda en la búsqueda de empleo","3799 East-West Highway
Hyattsville, MD 20782",240-714-4034,,"https://www.findhelp.org/lutheran-social-services-of-the-national-
capital-area-%2528lss-nca%2529--hyattsville-md--refugee-
employment-services/5754599821017088?postal=20783

https://www.facebook.com/lssnca?fref=ts"
37,Deferred Action for Childhood Arrivals (DACA),CASA | Maryland Legal Services,"CASA is the number one non-profit provider in Maryland for individuals seeking 
Deferred Action for Childhood Arrivals program (DACA). If you need to renew 
your DACA or have questions regarding the DACA program, please call Emily 
Sullivan at 240-491-5764 to make an appointment. If we are unable to answer 
the phone, please leave a detailed message with your name, phone number, 
and any relevant case details and we will get back to you. Please note, USCIS 
recommends that you renew your DACA 4-5 months before your expiration date.","Proporcionamos servicios médicos accesibles a residentes asegurados, no asegurados, con bajos ingresos y afiliados a Medicare/Medicaid, para construir una comunidad más sana.","8151 15th Ave
Langley Park, MD 20783",240-491-5764,"Multicultural Center (MCC) 
Prince George's Welcome Center: 
(301) 431-4185","https://wearecasa.org/legal-services-md/

"
38,Legal Services,Hebrew Immigrant Aid Society (HIAS) - Maryland,"As refugees’ access to protection is increasingly restricted, HIAS’ U.S. 
legal program seeks to safeguard and increase rights for refugees and 
other displaced people upon their arrival to the U.S. and throughout their
 journey to citizenship.",El Programa de Recuperación de Adicciones de The Salvation Army en Maryland ofrece asistencia emocional y apoyo integral para hombres que han perdido la capacidad de hacer frente a sus problemas y proveer para sí mismos. Nuestros servicios están disponibles para hombres de entre 21 y 65 años que buscan ayuda con adicciones a sustancias químicas y alcohol.,"HIAS Headquarters
1300 Spring Street, Suite 500
Silver Spring, MD 20910",301-844-7903,,"https://hias.org/

https://www.findhelp.org/hebrew-immigrant-
aid-society-%2528hias%2529---maryland--
silver-spring-md--legal-services/
5496719142027264?postal=20783"
39,Legal Aid,Maryland Legal Aid (MLA),"provides a full range of free and reduced-cost civil legal services to 
financially qualified Marylanders and people over the age of 60.
(Disable rights, immigration, helath, housing, civil rights, family)","On Our Own of Maryland, Inc. es una organización dedicada a empoderar a individuos en su camino hacia la recuperación y el bienestar mental. A través de la promoción, educación y servicios de apoyo integrales, nuestro objetivo es fomentar comunidades inclusivas donde las personas con desafíos de salud mental puedan prosperar. Nuestra organización ofrece una amplia gama de servicios, que incluyen apoyo para la recuperación de adicciones, programas de 12 pasos, atención de salud mental, apoyo de pares, grupos de apoyo, planificación de acciones de bienestar y recuperación (WRAP), y talleres de nutrición y salud. En On Our Own of Maryland, Inc., estamos comprometidos a promover la recuperación, la resiliencia y la esperanza para las personas que enfrentan desafíos de salud mental y adicción.","Prince George's County Office
8401 Corporate Drive, Suite 200
Hyattsville, MD 20785",888-215-5316,,"https://www.findhelp.org/maryland-legal-aid-
%2528mla%2529--hyattsville-md--legal-aid/
5459044385947648?postal=20783

https://www.mdlab.org/get-help-services/"
40,"Youth Development & Wellness 
Care Navigation Services",Lutheran Social Services of the National Capital Area (LSS/NCA),"This program helps people who are 15 to 24 years old.
 - navigating the system
 - support network
 - one-on-one support 
 - advocacy & legal aid
","El equipo de Servicios Sociales de Ayuda se enfoca en asistir a la comunidad inmigrante, específicamente a sobrevivientes de violencia doméstica, agresión sexual, acoso y trata de personas. Nuestros servicios incluyen manejo de casos informado por el trauma, asesoramiento culturalmente específico y apoyo emocional para los sobrevivientes que residen en DC, Maryland y Virginia. Ofrecemos nuestros servicios en varios idiomas y son proporcionados de manera voluntaria y gratuita. La participación en nuestros programas de servicios sociales no requiere estar involucrado en un caso legal con Ayuda.","Maryland Office
3799 East-West Highway
Hyattsville, MD 20782",240-714-4034,,"https://www.facebook.com/lssnca?fref=ts

https://www.findhelp.org/lutheran-social-services-of-the-national
-capital-area-%2528lss-nca%2529--hyattsville-md--youth-
development-%2526-wellness---care-navigation-services/
4580884269498368?postal=20783"
41,Initial Legal Consultation (Cost: $75),"CARECEN, Central American Resource Center","Do you need help with an immigration matter?
Our team of attorneys and accredited representatives provide direct services in the following areas:
? Family-based immigration applications and consular processing
? Humanitarian applications (victims of crime, domestic violence, trafficking)
? Adjustments of status to permanent residence and waivers
? Naturalization (citizenship)
? Brief services including renewal for green cards, Temporary Protected Status, work authorization, and Deferred Action for Childhood Arrivals (DACA)
By meeting with an attorney for an initial legal consultation, they will be able to listen and assess your individual situation, review your needs and eligibility, and determine how best to offer assistance. The attorney may then develop a plan of action and create a contract for additional scope as required.","Catholic Charities ofrece una amplia gama de servicios de salud mental y conductual para niños, adultos y familias. A través de nuestros programas ofrecemos exámenes de salud mental, asesoramiento, terapia, rehabilitación psiquiátrica, tratamiento de trastornos por uso de sustancias, tratamiento farmacológico y telesalud.","1460 Columbia Road NW, Suite C-1
Washington, DC 20009",202-328-9799,,https://carecendc.org/immigration/
42,"Various Housing Help (Individual Counseling, Educational Workshops, Technical Assistance for Tenant Groups","CARECEN, Central American Resource Center","Improving living conditions, seeking better access to affordable housing, and increasing home ownership and asset creation among Latino families.","La Clínica del Pueblo se dedica a proporcionar servicios de atención médica integrales y culturalmente competentes a comunidades desatendidas en Maryland. Nuestra misión es mejorar la salud y el bienestar de individuos y familias, independientemente de su capacidad de pago, a través de un compromiso con la excelencia, la compasión y la defensa.

Nuestro alcance de servicios incluye atención primaria, pediatría, planificación familiar, manejo de enfermedades crónicas y servicios de laboratorio. Desde la atención preventiva hasta el tratamiento de enfermedades agudas y el manejo de condiciones crónicas, ofrecemos una amplia gama de servicios de atención médica adaptados para satisfacer las diversas necesidades de nuestra comunidad.","1460 Columbia Road NW, Suite C-1
Washington, DC 20009",202-328-9799,,https://carecendc.org/housing/
43,"Various Citizenship Services (Classes ($50 per class), and other services","CARECEN, Central American Resource Center",Removing barriers and preparing applicants to become naturalized citizens. Offering guidance up to and through the citizenship oath ceremony and celebrating successful civic participation.,"En La Clínica, nos comprometemos a satisfacer todas las necesidades de salud física y conductual de nuestros pacientes. Nuestro enfoque holístico de la atención considera la salud mental como un componente vital para una vida sana.","1460 Columbia Road NW, Suite C-1
Washington, DC 20009",202-328-9799,,https://carecendc.org/citizenship/
44,Immigration Legal Consultations ($100 per consultation),AYUDA,"Services include, but are not limited to:

Family-based immigration applications
Removal defense
Asylum
Special Immigrant Juvenile Status (SIJS)
Humanitarian applications (victims of crime, domestic violence, human trafficking)
Violence Against Women Act petitions
Adjustment of status to permanent residence
Naturalization (citizenship)
Temporary Protected Status
Action for Childhood Arrivals (DACA)
Need help with an immigration matter? The first step toward a solution is to come in for a consultation with one of our staff.

Please contact one of our offices, information below, to schedule a legal consultation.

The cost for a consultation is $100. Pay special attention to the different service hours between the offices in DC, Virginia and Maryland.","Nuestro departamento de Acción Sanitaria Comunitaria (CHA) identifica, educa e involucra a miembros de la comunidad mediante actividades de promoción de la salud y el bienestar salud reproductiva de la mujer y la prevención de la violencia de género, el empoderamiento de LGBTQ, pruebas de VIH/SIDA, asesoramiento y derivación, y gestión de enfermedades crónicas.","Maryland Office
8757 Georgia Ave, Suite 800
Silver Spring, MD 20910
Phone: 240-594-0600

D.C. Office
1990 K Street NW, Suite 500
Washington, DC 20006
Phone: 202-387-4848",240-594-0600,Phone: 202-387-4848,https://ayuda.com/legal-services-4/immigration-law/
54,"Honest Jobs (Job Platform 
& Services for Criminal 
Justice Involved Individuals)",Honest Jobs,"Honest Jobs is a national job marketplace for people 
who have been affected by the criminal justice system.

This program serves individuals with criminal
justice history.",Honest Jobs es un mercado de trabajo nacional para personas que se han visto afectadas por el sistema de justicia penal. Este programa atiende a personas con antecedentes penales.,"Apply on their website
Nationwide",,,"Website: https://www.honestjobs.com/

Facebook: https://www.facebook.com/honestjobsHQ"
45,Domestic Violence & Family Law Clinic,AYUDA,"Our Domestic Violence and Family Law services include:

Protective Orders
Child Custody
Child Support
Divorce/ Legal Separation
Spousal Support
Crime Victims’ Rights Advocacy","Brighter Bites se dedica a mejorar los resultados de salud y empoderar a las familias mediante la provisión de educación en nutrición, acceso a productos frescos y experiencias alimentarias agradables. Su programa integral abarca hasta tres años, dirigido a escuelas primarias calificadas y programas de enriquecimiento de verano. Su misión es cultivar comunidades de salud a través de alimentos frescos. Buscan activamente asociaciones y apoyo para sus iniciativas y dependen en gran medida de la participación de voluntarios. A través de la educación en nutrición basada en evidencia y la distribución de productos frescos a comunidades desatendidas, junto con actividades atractivas como demostraciones de cocina y degustaciones de recetas, Brighter Bites tiene como objetivo inculcar hábitos alimenticios saludables de por vida y empoderar a las familias para que prioricen su salud y bienestar.","Maryland Office
8757 Georgia Ave, Suite 800
Silver Spring, MD 20910
Phone: 240-594-0600

D.C. Office
1990 K Street NW, Suite 500
Washington, DC 20006
Phone: 202-387-4848",240-594-0600,Phone: 202-387-4848,https://ayuda.com/legal-services-4/domestic-violence-family-law/
46,Detained Unaccompanied Children's Program,CAIR Coalition,"Our legal services include:

Legal orientation through Know Your Rights presentations
Individual legal screenings & consultations
Initial immigration court appearances
Legal referrals
Post-18 planning services


","El Departamento de Servicios Sociales del Condado de Prince George ofrece programas de asistencia esenciales a residentes necesitados, incluyendo SNAP (Programa de Asistencia Nutricional Suplementaria), asistencia en efectivo, Medicaid y programas de asistencia energética. Estos programas ofrecen apoyo en diversas formas, como alimentos, atención médica, beneficios en efectivo y asistencia con las facturas de energía.

Las personas que buscan asistencia financiera pueden presentar una solicitud para estos programas en línea o en persona. Ya sea que se necesite ayuda alimentaria, en efectivo o médica, el departamento se esfuerza por hacer que el proceso de solicitud sea accesible y sencillo para aquellos que lo necesitan. A través de estos programas, el departamento tiene como objetivo aliviar las cargas financieras y mejorar el bienestar de individuos y familias en la comunidad..","1025 Connecticut Avenue NW, Suite 701,
Washington, DC 20036

1 North Charles Street, Suite 2305, 
Baltimore, MD, 21201",202-899-3987,,https://www.caircoalition.org/detained-unaccompanied-childrens-program
47,Detained Adult Program,CAIR Coalition,"CAIR Coalition's Detained Adult Program (DAP) works with the hundreds of adults detained by ICE in the Capital region each year, providing information, support, and legal representation. We provide trauma-sensitive, client-centered services and deeply value our clients' autonomy as they navigate the fundamentally inhumane immigration system. ",Damos la bienvenida a eventos de mesa en la comunidad y también ayudar a patrocinar un aspecto de su evento también. Queremos ayudar a que las reuniones de la comunidad sean posibles y educativas como sea posible.,"1025 Connecticut Avenue NW, Suite 701,
Washington, DC 20036

1 North Charles Street, Suite 2305, 
Baltimore, MD, 21201",202-899-3987,,https://www.caircoalition.org/detained-adult-program-0
48,"
Aging with Dignity Program (Multiple Senior Services)",Catholic Charities (Maryland),"Our senior services are built on traditions of excellence, dignity, and respect. As a leading provider of exceptional, affordable apartment communities and life care options for seniors in the Baltimore region, we deliver compassionate care through a full continuum of services available to people of all faiths.

Our senior apartment communities include a full range of services for adults 62 and older seeking affordable housing. Specialized care is available through our adult day services, assisted living, rehabilitation, and nursing care programs. Our free information and referral service helps you to make decisions about what is best for you or your loved one.

","Community Crisis Services, Inc. promueve nuestra Línea de Crisis para la Prevención de Crisis. Entendemos que el término crisis puede significar cosas diferentes para diferentes personas. Nuestros servicios para situaciones de crisis abarcan una amplia gama de necesidades, desde abordar la falta de hogar y conflictos familiares hasta dificultades emocionales e intentos de suicidio, así como brindar asistencia durante desastres a gran escala. Nuestros consejeros están disponibles las 24 horas del día para escuchar y ofrecer apoyo.","320 Cathedral Street
Baltimore, MD 21201",667-600-2000,,https://cc-md.org/our-programs/aging-with-dignity/
49,Survivor's Rights & Getting Legal Help,MCASA (Maryland Coalition Against Sexual Assault),"MCASA’s Sexual Assault Legal Institute (SALI) provides comprehensive legal services to survivors of sexual violence statewide, as well as training and technical assistance for professionals working with survivors.","Community Crisis Services, Inc. ofrece una variedad de servicios para la violencia doméstica destinados a apoyar a individuos y familias afectadas por el abuso doméstico. Nuestras ofertas incluyen la Clínica de Intervención en Violencia Familiar (FAMVIC), el Programa para Sobrevivientes, el Programa de Intervención para Agresores (VIP), el Programa de Manejo de la Ira y el Programa de Servicios en Langley Park. Para obtener información detallada sobre cada programa, visite nuestro sitio web. Alternativamente, puede hablar directamente con un consejero llamando a nuestra línea directa.","Mail Infor:
P.O. Box 8782
Silver Spring, MD 20907","301-565-2277 
",,https://mcasa.org/survivors/sali
52,"Prince George's County
Workforce Program",Latin Amercian Youth Center (LAYC),"Prince George's County Workforce Program provides 
support, education, and assistance to out-of-school 
youth ages 16-24. Our services help educate and 
prepare participants for entering the workforce.","El Programa de mano de obra del condado de Prince George apoyo, educación y asistencia a jóvenes no escolarizados de 16 a 24 años. Nuestros servicios ayudan a educar y preparar a los participantes para ingresar a la fuerza laboral.","Sheridan Street
Riverdale, MD 20737",301-431-3121,,"https://www.findhelp.org/latin-american-youth-center-%2528layc
%2529--riverdale-md--prince-george%2527s-county-workforce-
program/6148924622503936?postal=20783

https://www.facebook.com/laycdc"
53,Job SKills and Training,Job Corps,"Job Corps provides hands-on career technical training
in high-growth industries and can also help individuals
get a GED or high school diploma if they don't already
have one.",Job Corps ofrece formación técnica práctica en sectores de gran crecimiento y también puede ayudar a las personas a obtener el GED o el título de secundaria si aún no lo tienen.,"Nationwide
Apply on thier website",800-733-5627,(202)-693-3000,"https://www.findhelp.org/job-corps--washington-dc--job-skills-
and-training/5928271591112704?postal=20783

https://enroll.jobcorps.gov/interest-form/01-who-is-interested"
55,"Empowering Careers Program
(Multiple Services)",Catholic Charities (Maryland),"Access to steady employment enables individuals to help themselves
 and their families. We offer job training programs that educate and
 connect skilled workers to employers who need their help.
Catholic Charities of Baltimore assists individuals who are un- or 
underemployed by providing supports, skills training, resources, and
 job placement services intended to lead toward meaningful, 
sustainable employment.","El acceso a un empleo estable permite a las personas ayudarse a sí mismas y a sus familias. Ofrecemos programas de formación laboral que educan y ponen en contacto a trabajadores cualificados con empresarios que necesitan su ayuda. Catholic Charities of Baltimore ayuda a las personas que están desempleadas o subempleadas, proporcionándoles apoyo, formación profesional, recursos y servicios de colocación laboral destinados a conducirles hacia un empleo significativo y sostenible.","320 Cathedral Street
Baltimore, MD 21201",667-600-2000,,https://cc-md.org/our-programs/empowering-careers/
56,"CVS Pharmacy
Technician training","CVS Health® and
 the Community College
 of Baltimore County","Helps prepare applicants with disabilities to take 
the national Pharmacy Technician Certifying Board? (PTCB) test 
to become a Certified Pharmacy Technician (baltimore based)",Ayuda a preparar a los solicitantes con discapacidad para realizar el examen nacional Pharmacy Technician Certifying Board (PTCB) para convertirse en Técnico de Farmacia Certificado (con sede en Baltimore).,"Contact your DORS 
Counselor or local DORS 
office for more information.
dors.maryland.gov",,,https://dors.maryland.gov/consumers/WTC/WTCtraining/Pages/Pharmacy_Tech.aspx
57,"Division of Workforce Development 
and Adult Learning Maryland 
Apprenticeship and Training Program",Maryland Department of Labor,"program provided by the Maryland Department of Labor 
that connects Maryland residents with local apprenticeships 
and job opportunities",Programa proporcionado por el Maryland Department of Labor que conecta a los residentes de Maryland con aprendizajes locales y oportunidades de empleo,"1100 N. Eutaw Street,
 Room 209 Baltimore, 
MD 21201","410-767-2246 ","Fax: 410-333-5162 
E-mail: info@mdapprenticeship.com",https://www.dllr.state.md.us/employment/appr/
58,Apprenticeship Maryland,maryland public schools,"youth program for students, ages 16 and up that based on career
 pathways in manufacturing and 
STEM occupations",Programa juvenil para estudiantes a partir de 16 años basado en itinerarios profesionales en el sector manufacturero y las profesiones STEM.,,410-767-0635,"Fax: (410) 333-2099
jennifer.griffin@maryland.gov
Jennifer Griffin
Career Programs and 
Apprenticeship Specialist, 
Office of 
College and Career Pathways",https://www.marylandpublicschools.org/programs/Pages/CTE/ApprenticeshipMD.aspx
59,Maryland's American Job Centers,"WorkSource Montgomery 
American Job Centers ","job centers with avalible constultants to 
discuss career exploration, referrals to training programs, 
résumé preparation, and workshops.","Centros de empleo con consultores disponibles para hablar de exploración de carreras, derivación a programas de formación, preparación de currículos y talleres.","11510 Georgia Avenue, Suite #100
Wheaton, MD  20902",301-929-4350,Fax: 301-929-4383,"https://www.dllr.state.md.us/county/mont/ "
60,"Division of Rehabilitation Services 
","MARYLAND STATE 
DEPARTMENT OF EDUCATION","DORS partners with people  disabilities, 
providing services such as career 
assessment and counseling","DORS colabora con personas discapacitadas, prestándoles servicios como la evaluación y el asesoramiento profesional.","Division of Rehabilitation 
Services
2301 Argonne Drive
Baltimore, MD 21218",410-554-9442,Email: dors@maryland.gov,https://dors.maryland.gov/consumers/Pages/default.aspx
61,Vocational Training,CASA,"CASA partners with Community Colleges, Universities, Labor Unions, Private, 
Public, and non-profit organizations to offer a range of vocational training 
classes to low-income immigrant communities.","CASA colabora con colegios comunitarios, universidades, sindicatos, organizaciones privadas, públicas y sin ánimo de lucro para ofrecer una serie de clases de formación profesional a comunidades de inmigrantes con bajos ingresos.","Multicultural Center
8151 15th Avenue
Hyattsville, MD 20783",301-431-4185,,"https://www.findhelp.org/casa--hyattsville-md
--vocational-training/5739352456429568?postal=20783

https://wearecasa.org/vocational-training-maryland/"
62,Education Programs,Heart of Tabitha Foundations Inc,"Free services include:
- Financial literacy & awareness
- Leadership & personal development
- College & career readiness, including resume & interview help
- Technically training (such as Microsoft Office & word processing)","Los servicios gratuitos incluyen:
- Educación y concienciación financiera
- Liderazgo y desarrollo personal
- Preparación para la universidad y la carrera profesional, incluida la ayuda con el currículum y las entrevistas
- Formación técnica (como Microsoft Office y procesamiento de textos)","P.O. Box 607
Silver Spring, MD 20901",202-681-7256,,"https://www.findhelp.org/heart-of-tabitha-foundation-inc--
silver-spring-md--education-programs/6017349863866368?postal=20783

http://www.heartoftabithafoundation.org/"
63,"Mortgage Counseling and 
Foreclosure Prevention",Housing Initiative Partnership,"Free services include:
- Counselors help to complete and submit applications to mortgage services
- Help to negotiate with the mortgage services
- Help to review potential offers and provide referrals for other assistance programs
- Covers residents of Montgomery County and Prince Georges County, MD","Los servicios gratuitos incluyen:
- Los asesores ayudan a cumplimentar y presentar solicitudes a los servicios hipotecarios
- Ayuda para negociar con los servicios hipotecarios
- Ayuda para revisar posibles ofertas y proporcionar referencias para otros programas de asistencia
- Cubre a los residentes de los condados de Montgomery y Prince Georges, MD","6525 Belcrest Rd
Suite 555
Hyattsville, MD 20782",301-699-3835,,"https://www.findhelp.org/housing-inititative-partnership--hyattsville-md--
mortgage-counseling-and-foreclosure-prevention/4991474575343616?
postal=20783

https://hiphomes.org/"
64,"Community Services
Prince George's County","Sowing Empowerment & Economic
Development, Inc. (SEED)","Free services include:
- Affordable healthcare enrollment and outreach
- Health education classes
- Housing counseling and education
- Family Financial Fitness Program (FFFP)","Los servicios gratuitos incluyen:
- Inscripción y divulgación de asistencia sanitaria asequible
- Clases de educación sanitaria
- Asesoramiento y educación en materia de vivienda
- Family Financial Fitness Program (FFFP)","6201 Riverdale Road
Suite 200
East Riverdale, MD 20737",301-458-9808,,"https://www.findhelp.org/sowing-empowerment-%2526-economic-
development%252C-inc.-%2528seed%2529--east-riverdale-md--
community-services---prince-george%2527s-county/4666248145403904?
postal=20783

https://www.facebook.com/SEEDINC/"
65,"CVS Pharmacy
Technician training","CVS Health® and
 the Community College
 of Baltimore County","Helps prepare applicants with disabilities to take 
the national Pharmacy Technician Certifying Board? (PTCB) test 
to become a Certified Pharmacy Technician (baltimore based)",Ayuda a preparar a los solicitantes con discapacidad para realizar el examen nacional de Pharmacy Technician Certifying Board (PTCB) para convertirse en Técnico Farmacéutico Certificado (con sede en Baltimore),,N/A,,"https://dors.maryland.gov/consumers/WTC/WTCtraining/Pages/Pharmacy
_Tech.aspx "
66,"GED Test 
Preparation Program
",montgomery college,"- ranges from $40-$65 for GED preparation 
-  Free Adult Basic Education for those students who need
 assistance in developing basic skills in reading and math.","- Oscila entre 40 y 65 dólares para la preparación del GED 
- Educación Básica para Adultos gratuita para aquellos estudiantes que necesiten asistencia en el desarrollo de habilidades básicas en lectura y matemáticas.","Rockville Campus, 
AELG Programs, Mannakee Building,
 Suite 235, Rockville, Maryland 20850",240-567-8950,ged@montgomerycollege.edu,"https://www.montgomerycollege.edu/workforce-development-continuing
-education/english-language-skills/ged/index.html "
67,"The Adult Education
 Program of PG county",PG Community College,#NAME?,#NAME?,,301-546-0891,"301-546-8350. ","https://www.pgcc.edu/go/ged/ "
68,"University of Maryland 
Open Learning",University of Maryland,Mixture of paid and free courses offered by the university of maryland,Mezcla de cursos de pago y gratuitos ofrecidos por la universidad de maryland,,,,https://umd.catalog.instructure.com/
69,"Adult ESOL Classes at 
Montgomery Community College",Montgomery Community College,"- Free Low level esol classes 
- 100 dollar tution for advanced esol classes","- Clases gratuitas de ESOL nivel bajo 
- 100 dolares para clases de ESOL avanzado","Rockville Campus,
 AELG Program, 
Mannakee Bldg. 
Suite #235,
 900 Hungerford
 Drive, 
Rockville, Maryland 20850","
240-567-8950",esol@montgomerycollege.edu,"https://www.montgomerycollege.edu/workforce-development-continuing
-education/english-language-skills/adult-esol/esol-schedule.html"
70,"English Classes 
Gilchrist Immigrant 
Resource Center","
Gilchrist Immigrant Resource Center","-  every day skills and are taught by skilled volunteer teachers 
- 35 dollar textbook  ","- Habilidades cotidianas e impartidas por profesores voluntarios cualificados 
- Libro de texto es 35 dólares",,240-777-4941,,https://www.montgomerycountymd.gov/gilchrist/classes/esol-class.html
71,"NUEVA ESPERANZA
","Centro de Apoyo Familiar

","The goal of the Nueva Esperanza program is to provide educational training, emotional and social support to elders to prevent isolation, depression and to improve their quality of life in the areas of English Language, physical, emotional and environmental health.

The program activities are guided to meet this goal based on a series of weekly workshops and/or activities that focus on the topics related to each of the areas mentioned above.

The group meets virtually via zoom platform. The meetings are on Fridays for about one to two hours 10:00am-12:00noon.","El objetivo del programa Nueva Esperanza es proporcionar formación educativa, apoyo emocional y social a los mayores para prevenir el aislamiento, la depresión y mejorar su calidad de vida en las áreas de lengua inglesa, salud física, emocional y ambiental.

Las actividades del programa están orientadas a cumplir este objetivo en base a una serie de talleres y/o actividades semanales que se centran en los temas relacionados con cada una de las áreas mencionadas anteriormente.

El grupo se reúne virtualmente a través de la plataforma zoom. Las reuniones son los viernes con una duración aproximada de una a dos horas de 10:00 a 12:00 horas.","6801 Kenilworth Ave. Suite 110 
Riverdale, MD 20737",301-328-3292,,https://mycaf.org/nueva-esperanza/
72,"FINANCIAL LITERACY PROGRAM
","Centro de Apoyo Familiar

","The Financial Literacy Program provides education through workshops in which various 
topics are covered to help the participants better understand their finances and build 
financial stability and wealth.

Topics covered in these workshops include money management, the importance of 
budgeting, savings, and credit. Additional topics include; Fair Housing, avoiding 
predatory lending, avoiding scams and other related topics. ","El Programa de Alfabetización Financiera proporciona educación a través de talleres en los que se tratan diversos temas para ayudar a los participantes a comprender mejor sus finanzas y a crear estabilidad financiera y riqueza.

Los temas tratados en estos talleres incluyen la gestión del dinero, la importancia de los presupuestos, el ahorro y el crédito. Otros temas son la vivienda justa, evitar los préstamos abusivos, evitar las estafas y otros temas relacionados.","6801 Kenilworth Ave. Suite 110 
Riverdale, MD 20737",301-328-3292,gsvasquez@mycaf.org,https://mycaf.org/financial-literacy-program/
73,Rental Counseling Program,"Centro de Apoyo Familiar

","The Rental Counseling Program helps keep household in stable situations when facing 
evictions, loss of utilities, and other housing emergencies caused by loss of income, 
increase in expenses, or both.","El Rental Counseling Program ayuda a mantener a los hogares en situaciones estables cuando se enfrentan a desahucios, pérdida de servicios públicos y otras emergencias relacionadas con la vivienda causadas por la pérdida de ingresos, el aumento de los gastos o ambas cosas.","6801 Kenilworth Ave. Suite 110 
Riverdale, MD 20737",301-328-3292,,https://mycaf.org/rental-counseling/
74,Credit Counseling Program,"Centro de Apoyo Familiar

","The Credit Counseling Program helps clients resolve outstanding credit issues on their 
credit report, improve their credit scoring, and reduce outstanding debts. This program
 is set to give clients a chance to regain control of their finances and improve their 
FICO score.","El Credit Counseling Program ayuda a los clientes a resolver los problemas de crédito pendientes en su informe crediticio, mejorar su puntuación crediticia y reducir las deudas pendientes. Este programa está diseñado para dar a los clientes la oportunidad de recuperar el control de sus finanzas y mejorar su puntuación FICO.","6801 Kenilworth Ave. Suite 110 
Riverdale, MD 20737",301-328-3292,,https://mycaf.org/credit-rebuilding/
85,Literacy Tutoring,"Prince George's Community 
College",Provides basic literacy and numeracy tutoring for adult learners 18+,Ofrece clases de alfabetización básica y aritmética elemental a estudiantes adultos mayores de 18 años.,,"                                                                       
301-546-7422","Tiffany Garcia, 
Student Support Coordinator
301-546-PGCC (7422) Ext. 68482             ","Student interest form: https://docs.google.com/forms/d/e/1FAIpQLSeKNv
30zAPpDFHANWo0BmLqVbPaAe0WPXdfzCtVqz4qGu8sVQ/viewform"
6,Food Pantry,Langley Park Community Center,"Open to anyone in need, all ages 
An individual must be a part of the program in order to receive service
Covers: Prince Georges County, MD
Available every 4th Friday of the month","Abierto a cualquier persona necesitada, de todas las edades. Una persona debe formar parte del programa para recibir el servicio. Cubre: Condado de Prince Georges, MD. Disponible cada 4to viernes del mes","1500 Merrimac Drive Hyattsville, MD 20783",301-445-4508,,"https://www.findhelp.org/langley-park-community-center--hyattsville-md--food-pantry/
5678200195645440?postal=20707&ref=ab_redirect"
75,TOGETHER Program/JUNTOS en PAREJA,"University of Maryland, 
College Park","The University of Maryland’s TOGETHER Program/JUNTOS en PAREJA is a FREE program/research project for couples to receive relationship and financial education workshops, connection to community resources, gift cards, and more! The free workshop series take place throughout six 2.5-hour sessions, held once a week, for 6 consecutive weeks. The workshop series are offered in English or Spanish, online or in-person, and they take place in a group setting of 3-10 couples. Workshops are led by our relationship expert and financial expert facilitators (usually marriage and family therapists and accredited financial counselors). The workshops are designed to help couples strengthen their relationship, apply healthy relationship skills to improve communication, identify relationship stressors, address financial burdens & stress, and learn coping skills to better manage stress and finances. Case managers work one on one with all participating couples to connect them with additional low-cost, local resources such as free tax prep, couples therapy, employment services, housing searching, financial coaching, home buyer education, etc. Couples can receive up to $160 in gift cards for survey completion and perfect workshop attendance. The program has been serving the community since 2015, and we've enrolled over 1300 couples. 99% of couples who complete surveys report that the program helps! Visit togetherprogram.org or call 1-877-432-1669 to sign up! ","El Programa TOGETHER/JUNTOS en PAREJA de la Universidad de Maryland es un programa/proyecto de investigación GRATUITO para que las parejas reciban talleres sobre relaciones y educación financiera, conexión con recursos comunitarios, tarjetas de regalo, ¡y mucho más! Las series de talleres gratuitos tienen lugar a lo largo de seis sesiones de 2,5 horas, celebradas una vez a la semana, durante 6 semanas consecutivas. Las series de talleres se ofrecen en inglés o español, en línea o en persona, y tienen lugar en un grupo de 3-10 parejas. Los talleres están dirigidos por nuestros facilitadores expertos en relaciones y en finanzas (normalmente terapeutas matrimoniales y familiares y asesores financieros acreditados). Los talleres están diseñados para ayudar a las parejas a fortalecer su relación, aplicar habilidades de relación saludables para mejorar la comunicación, identificar los factores estresantes de la relación, abordar las cargas financieras y el estrés, y aprender habilidades de afrontamiento para gestionar mejor el estrés y las finanzas. Los gestores de casos trabajan individualmente con todas las parejas participantes para ponerlas en contacto con otros recursos locales de bajo coste, como preparación gratuita de impuestos, terapia de pareja, servicios de empleo, búsqueda de vivienda, asesoramiento financiero, educación para la compra de vivienda, etc. Las parejas pueden recibir hasta 160 dólares en tarjetas regalo por completar la encuesta y asistir perfectamente al taller. El programa ha estado sirviendo a la comunidad desde 2015, y hemos inscrito a más de 1300 parejas. ¡El 99% de las parejas que completan las encuestas informan que el programa ayuda! ¡Visita togetherprogram.org o llama al 1-877-432-1669 para inscribirte!","1142 School of Public Health Building
Department of Family Science
4200 Valley Dr. University of Maryland","
",sfritz22@umd.edu,togetherprogram.org
76,Marcela Cámpoli,"The Maryland Center 
@ Bowie State University 
(Contractor)",Smoking Cessation & Health Education,Dejar de fumar y educación sanitaria,,"
202-643-9827",moreyou2021@gmail.com,https://www.moreyouclub.com/
77,"Foster(Resource) Parent  Recruitment, Training and Retention","Prince George's County 
Department of Social Services","Free Foster Parenting Training ",Formación gratuita para los padres de acogida,"805 Brightseat Road, Landover, 
Maryland. 20785","301-909-2300 
",,https://www.pgdssfosterparents.com/
78,The Representation and Research Ethics (RARE) Project,University of Maryland,"Offering family friendly activities with small UMD themed prizes while interacting with 
the community as we aim to increase the ethical representation of minorities in 
scientific research ","Ofrecer actividades familiares con pequeños premios temáticos de la Universidad de Maryland mientras se interactúa con la comunidad, ya que nuestro objetivo es aumentar la representación ética de las minorías en la investigación científica.",,301-405-8355,rare@umd.edu,https://rare.umd.edu/
79,Scholarship for Student Parents,Generation Hope,"Generation Hope is now accepting applicants for their Scholar Program, which provides wraparound support to young parents working towards their college degrees. Parents accepted into Generation Hope's program receive up to $2,400/year in scholarship funding, one-on-one mentoring, case management, free mental health support, career coaching, tutoring, and emergency funding as needed, and access to additional parenting support including free books, home visiting, and childcare assistance. To be eligible, applicants must have been pregnant or expecting at 19 or younger, currently be 25 or younger, live within 50 miles of DC, and be attending/planning to attend a nonprofit college seeking an associate's and/or a bachelor's degree. They also must be a US citizen, permanent legal resident, DACA recipient, or have any other status that provides work eligibility and in-state tuition (i.e. U Visa, VAWA, etc). The application and all of the program details are available at www.generationhope.org/scholar-program through April 1st, with applications accepted on a rolling basis through May 1st. If you or your clients have any questions, please feel free to reach out to Scholar Recruitment Coordinator Maddie Hren at madeline@generationhope.org or by call/text at (202) 642-4325?. ","Generation Hope está aceptando solicitudes para su programa Scholar, que proporciona apoyo integral a los padres jóvenes que trabajan para obtener un título universitario. Los padres aceptados en el programa Generation Hope reciben hasta 2.400 dólares al año en becas, tutoría individualizada, gestión de casos, apoyo gratuito en salud mental, orientación profesional, tutorías y financiación de emergencia según sea necesario, así como acceso a apoyo adicional para la crianza de los hijos, como libros gratuitos, visitas a domicilio y ayuda para el cuidado de los niños. Para ser elegibles, las solicitantes deben haber estado embarazadas o esperando un hijo a los 19 años o menos, tener actualmente 25 años o menos, vivir en un radio de 50 millas de DC, y estar asistiendo o planeando asistir a una universidad sin ánimo de lucro en busca de un título de asociado y/o una licenciatura. También deben ser ciudadanos estadounidenses, residentes legales permanentes, beneficiarios de DACA, o tener cualquier otro estatus que proporcione elegibilidad para trabajar y matrícula estatal (es decir, Visa U, VAWA, etc.). La solicitud y todos los detalles del programa están disponibles en www.generationhope.org/scholar-program hasta el 1 de abril, con solicitudes aceptadas de forma continua hasta el 1 de mayo. Si usted o sus clientes tienen alguna pregunta, no dude en ponerse en contacto con la coordinadora de contratación de becarios Maddie Hren en madeline@generationhope.org o por teléfono/texto en el (202) 642-4325.","1401 Okie Street, NE 
Suite 300 
Washington, D.C.  20002 ",202-734-5838,,https://www.generationhope.org/scholar-program
80,Brenda Pichet,International HS at Largo,"International High School at Largo is a school of choice for English Language 
Learners (ELLs)  in place of their neighborhood school. Our curricula aligns with 
PGCPS, and it also includes language support and experiential projects. We focus 
on four CARE values: curiosity, aspiration, resilience, and empathy. We also engage 
in restorative practices with our students and staff. We are a lottery based school and
 our lottery application opens each year in November and closes in March. 
The deadline to apply this year is March 1, 2024. ","International High School at Largo es una escuela de elección para los Estudiantes del Idioma Inglés (English Language Learners) en lugar de su escuela de barrio. Nuestro plan de estudios se alinea con PGCPS, y también incluye apoyo lingüístico y proyectos experienciales. Nos centramos en cuatro valores CARE: curiosidad, aspiración, resiliencia y empatía. También participamos en prácticas restaurativas con nuestros estudiantes y el personal. Somos una escuela basada en la lotería y nuestra solicitud de lotería se abre cada año en noviembre y se cierra en marzo. La fecha límite para solicitar este año es el 1 de marzo de 2024.","505 Largo Rd, 
Upper Marlboro, MD 20774",301-702-3810,,"Website: www.pgcps.org/ihslargo
Lottery Application: tinyurl.com/ApplytoIHS"
81,"ESL, GED, Digital Literacy Classes for Adults",Classroom 2 Community (C2C),"Online, adult education classes free to Maryland residents. Classes include ESL and 
English proficiency, GED and College Prep classes, Digital Literacy from beginner 
computer classes to IT certifications, and workforce development workshops.","Clases de educación de adultos en línea gratuitas para los residentes de Maryland. Las clases incluyen ESL y dominio del inglés, GED y clases de preparación para la universidad, alfabetización digital, desde clases de informática para principiantes hasta certificaciones de IT, y talleres de desarrollo de la fuerza laboral.","Classroom 2 Community
21 Maryland Avenue, Suite 320 (Rockville Memorial Library 3rd Floor)
Rockville, MD 20850",,,https://www.learnwithc2c.org/student-programs#our-programs
82,"PreK-12 Public Education & 
Community Schools Supports","Prince George's County
 Board of Education","Governance, policy making, budgeting and advocacy on behalf of students, 
staff and families. ","Gobernanza, elaboración de políticas, presupuestos y defensa de los intereses de los estudiantes, el personal y las familias.","14201 School Ln, 
Upper Marlboro, MD 20772",301-952-6000,,https://www.pgcps.org/offices/board-of-education
83,"Jaqueline Menjivar ","UMD Office of Community 
Engagement ","Community networking and partnerships in and near the City of College Park. ",Creación de redes y asociaciones comunitarias en la ciudad de College Park y sus alrededores.,"0303A Marie Mount Hall, 
University of Maryland, College Park,
MD 20742",301-405-1113,,oce.umd.edu
84,Performing arts experiences,The Clarice Smith Performing Arts Center,"We work with community based organizations to buoy their work in communities 
surrounding the University of Maryland and beyond.",Trabajamos con organizaciones comunitarias para impulsar su labor en las comunidades de los alrededores de la Universidad de Maryland y más allá.,"Suite 3800, The Clarice Smith Performing Arts Center
8270 Alumni Dr
University of Maryland
College Park, MD 20742-1625",301-405-2787,,theclarice.umd.edu
86,Transition ESOL Classes,"Prince George's Community 
College","We offer intermediate, high-intermediate and advanced listening, speaking, reading and 
writing classes that will help you improve your English and prepare for college or your
career. Our classes are online and in-person and include Citizenship and TOEFL 
Preparation. We hope to see you in class!!! ","Ofrecemos clases de comprensión auditiva, expresión oral, lectura y escritura de nivel intermedio, intermedio alto y avanzado que le ayudarán a mejorar su inglés y a prepararse para la universidad o su carrera profesional. Nuestras clases son online y presenciales e incluyen preparación para la ciudadanía y el TOEFL. ¡¡¡Esperamos verte en clase!!!",,301-546-8350,"adulteducation@pgcc.edu ",https://www.pgcc.edu/go/transitionesl/
87,"the Montgomery Coalition for
 Adult English Literacy (MCAEL),","Montgomery county ","We strengthen and build adult English language 
learning programs and instruction to further 
individual and family success at work, 
school and in the community.","Reforzamos y construimos programas de inglés para adultos y de instrucción para fomentar el éxito individual y familiar en el trabajo, la escuela y la comunidad.","9210 Corporate Blvd., Suite 480
Rockville, MD 20850",301-881-1338,Contact@MCAEL.org,https://www.mcael.org/
88,Conservation Awareness,"CHISPA/Maryland League of Conservation Voters

","Chispa Maryland builds the capacity of Latinxs and their families to 
influence policy makers and pressure polluters  to protect communities’ 
rights to clean air and water, healthy neighborhoods, and a safe 
climate for generations to come.","Chispa Maryland refuerza la capacidad de los latinos y sus familias para influir en los responsables políticos y presionar a los contaminadores con el fin de proteger los derechos de las comunidades a un aire y un agua limpios, unos barrios sanos y un clima seguro para las generaciones venideras.","30 West Street, Suite C
Annapolis, MD 21401
410-280-9855
 ",,,https://www.marylandconservation.org/chispa
89,"La Academia de Defensores
","Defensores de la Cuenca

","La Academia de Defensores is a paid adult training program that builds
the capacity of participants around watershed-related issues through 
workshops, hands-on activities, and participant-led capstone projects.

?So far, Clase Alpha and Clase Beta have successfully 
completed their training. We're excited to continue training 
community leaders and encourage you to fill out our
 interest form below.","La Academia de Defensores es un programa remunerado de formación de adultos que capacita a los participantes en temas relacionados con las cuencas hidrográficas mediante talleres, actividades prácticas y proyectos finales dirigidos por los participantes.

Hasta ahora, la Clase Alfa y la Clase Beta han completado con éxito su formación. Nos complace seguir formando a líderes comunitarios y te animamos a que rellenes nuestro formulario de interés que encontrarás a continuación.",,202-240-2830,info@defensoresdelacuenca.org,"https://defensoresdelacuenca.org/la-academia-de-defensores
Interest Form: https://docs.google.com/forms/d/e/1FAIpQLSd3f5AGDQRByLkspk-4ddcV-rC5p-4GcQS-KMrIISCEfzPX0Q/viewform?usp=send_form"
90,Defensores Youth Corps,"Defensores de la Cuenca

","We have heard from the community! The needs are that we 
need to provide more opportunities for the youth to get involved, 
experience more of our natural world, and practically speaking, earn
 community service hours.

Almost all of our engagements provide opportunities for our area youth
 (middle school and up) to join us, have fun, learn about nature, have
 great experiences, and earn service hours.

Additionally, we offer a paid Green Jobs program for youths. For 12 
weeks participants will receive job training in various ""green"" jobs 
focusing on trees and tree planting, while also learning about community 
engagement, sharing information on nature and the environment.  
Join our squad. ","¡Hemos escuchado a la comunidad! Las necesidades son que tenemos que proporcionar más oportunidades para que los jóvenes participen, experimenten más de nuestro mundo natural, y en términos prácticos, ganar horas de servicio comunitario.

Casi todos nuestros compromisos ofrecen oportunidades para que los jóvenes de la zona (de secundaria en adelante) se unan a nosotros, se diviertan, aprendan sobre la naturaleza, vivan grandes experiencias y ganen horas de servicio.

Además, ofrecemos un programa remunerado de Empleos Verdes para jóvenes. Durante 12 semanas, los participantes recibirán formación laboral en diversos trabajos ""verdes"" centrados en los árboles y su plantación, a la vez que aprenden sobre el compromiso con la comunidad y comparten información sobre la naturaleza y el medio ambiente. Únete a nuestro equipo.",,202-240-2830,info@defensoresdelacuenca.org,"https://www.defensoresdelacuenca.org/defensores-youth-corps
Enrollment Form: https://docs.google.com/forms/d/e/1FAIpQLSfm9oNR3_SsnZmxCKjek2bCqGLlmqG3x9Dq-UMpunDWwzIjtg/viewform"
91,Latino Community Involvement,EcoLatinos,"EcoLatinos was born out of our passion for the environment and love for 
our Latino community. We are committed to social and environmental 
justice initiatives for all, especially in Spanish-speaking and under resourced 
communities. EcoLatinos works to engage, educate, and activate the Latino
communities of the Chesapeake Bay and the Mid-Atlantic Region. We 
support non-profit, private, and public organizations creating connections 
with a growing and potentially powerful stewards of the community.","EcoLatinos nació de nuestra pasión por el medio ambiente y el amor por nuestra comunidad latino. Estamos comprometidos con las iniciativas de justicia social y medioambiental para todos, especialmente en las comunidades que hablan Español y con pocos recursos. EcoLatinos trabaja para involucrar, educar y activar a las comunidades latinos de la Bahía de Chesapeake y la región del Atlántico Medio. Apoyamos a organizaciones sin ánimo de lucro, privadas y públicas que crean conexiones con una comunidad cada vez mayor y potencialmente poderosa.",,240-832-6090,info@ecolatinos.org,https://ecolatinos.org/about/#1603507311395-fa635bab-3402
92,Community Activism (Mailing List),"MAJC-MidAtlantic Justice Coalition

","We are a DC, Delaware, Maryland, and Virginia community-focused coalition
 that lives at the intersection of economic and environmental justice. We work
 collectively and strategically to create good economic opportunities for the 
employee, employer and community, with every person’s health and 
well-being as a top priority.","Somos una coalición centrada en la comunidad de DC, Delaware, Maryland y Virginia que vive en la intersección de la justicia económica y medioambiental. Trabajamos colectiva y estratégicamente para crear buenas oportunidades económicas para el empleado, el empresario y la comunidad, con la salud y el bienestar de cada persona como máxima prioridad.",,,,"Sign up form: https://www.midatlanticjustice.org/regionalsignup
MD Page: https://www.midatlanticjustice.org/maryland"
93,Various Environmental Programs,Nature Forward,"Our 125-year-old organization remains committed to our mission to inspire 
people across our region to appreciate, understand and protect their natural 
environment. Our vision, to create a larger and more diverse community of
 people who treasure the natural world and work to preserve it, remains the
 same.","Nuestra organización, con 125 años de historia, sigue comprometida con nuestra misión de inspirar a las personas de toda nuestra región para que aprecien, comprendan y protejan su entorno natural. Nuestra visión es crear una comunidad más amplia y diversa de personas que aprecien el mundo natural y trabajen para preservarlo, sigue siendo la misma.","Woodend Sanctuary – Headquarters
8940 Jones Mill Road
Chevy Chase, MD 20815",301-652-9188,contact@natureforward.org,https://natureforward.org/its-official-we-are-nature-forward/
94,One-Stop Shop / Service Center Hub,One-Stop Shop / Service Center Hub,,Government,Locating and assessing other services and resources available for Prince George’s County Residents.,Localizar y evaluar otros servicios y recursos disponibles para los residentes del Prince George's County.,"(301) 434-4890

1401 East University Blvd. Suite G1/Hyattsville, MD  20783 
In la Union Mall
",
95,Prince George's County Department of Social Services,Prince George's County Department of Social Services,"Supplemental Nutrition Assistance Program (SNAP), Child Support, Temporary Disability Assistance, Medical Assistance, Maryland Energy Assistance, Temporary Cash Assistance, Emergency Assistance to Families With Children",Government,"We provide opportunities for County residents to become independent, responsible, and stable community members.  We proudly serve families, children, and vulnerable adults.","Brindamos oportunidades a los residentes del Condado para que se conviertan en miembros independientes, responsables y estables de la comunidad.  Estamos orgullosos de servir a familias, niños y adultos vulnerables.","Phone number: 301-909-7000
Address: 
Northern Office
6505 Belcrest Rd, Hyattsville, MD 20782


Central Office
425 Brightseat Rd, Landover, MD 20785

Southern Office
4235 28th Ave, Temple Hills, MD 20748

Child, Adult & Family Services
925 Brightseat Rd, Landover, MD 20785

Langley Park MultiService Center
301-434-4890
1401 University Blvd E Langley Park, MD
",https://www.princegeorgescountymd.gov/departments-offices/social-services
96,"Various Environmental Programs by Nature Forward
",Paid Membership Environmental Work,Paid Membership Environmental Work,Non-gov,"Our 125-year-old organization remains committed to our mission to inspire people across our region to appreciate, understand and protect their natural environment. Our vision, to create a larger and more diverse community of people who treasure the natural world and work to preserve it, remains the same.
","Nuestra organización, con 125 años de historia, sigue comprometida con nuestra misión de inspirar a las personas de toda nuestra región para que aprecien, comprendan y protejan su entorno natural. Nuestra visión, crear una comunidad más amplia y diversa de personas que aprecien el mundo natural y trabajen para conservarlo, sigue siendo la misma.
","Woodend Sanctuary – Headquarters
8940 Jones Mill Road
Chevy Chase, MD 20815
Phone (301) 652-9188
contact@natureforward.org
",https://natureforward.org/its-official-we-are-nature-forward/
97,Prince George’s Community College,"GED preparation, developing basic skills in reading and math","GED preparation, developing basic skills in reading and math",Non-gov,"The Adult Education Program offers free GED® preparation and Basic Reading and Math classes. This program focuses on building essential reading, writing, and communication skills to pave the way for academic and personal success.","El Programa de Educación para Adultos ofrece clases gratuitas de preparación para el GED® y de Lectura y Matemáticas Básicas. Este programa se centra en el desarrollo de habilidades esenciales de lectura, escritura y comunicación para allanar el camino hacia el éxito académico y personal.","Phone number: 
301-546-8350

Address: 
ABE/GED Program, Adult Education
Prince George's Community College
Annex C, 301 Largo Road, Largo MD 20774
","www.pgcc.edu/go/ged

"
98,Prince George’s Community College,Adult ESOL Classes,Adult ESOL Classes,Non-gov,Prince George’s Community College offers a wide variety of ESL classes to support English language learners of various levels.,Prince George's Community College ofrece una amplia variedad de clases de ESL para apoyar a los estudiantes de inglés de varios niveles.,"Phone number: 
301-546-8350

Address: 
Prince George’s Community College, UTC Campus 
6505 Belcrest Rd., Suite 125
Hyattsville, MD 20782 
","https://www.pgcc.edu/go/esl/ 

"
99,Prince George’s Community College,Prince George’s Community College,"Literacy and Numeracy Tutoring ",Non-gov,Free Adult Basic Education tutoring for students who need assistance in developing and strengthening literacy skills.,Tutoría gratuita de Educación Básica de Adultos para estudiantes que necesitan ayuda para desarrollar y reforzar sus capacidades de alfabetización.,"Phone number: 
301-546-8350

Address: 
Prince George’s Community College, UTC Campus 
6505 Belcrest Rd., Suite 125
 Hyattsville, MD 20782 
","https://www.pgcc.edu/programs-courses/academic-divisions/professional-studies-and-community-education/literacy-classes-and-tutoring/ 

"
100,"Food, Disability Services, Federal Benefits Applications",The Arc PG County,"We provide information, referrals and application assistance to Prince George&#39;s County residents with disabilities and seniors 65 and older. Each Prince George’s County resident seeking assistance is provided a free benefit screening guide that explores several federal and state benefits.","1401 McCormick Drive, Largo, MD 20774",301-335-9681,Katherine Lopez- klopez@thearcofpgc.org/301-385-0213 or Lakwona Simmons- lsimmons@thearcofpgc.org/ 301-335-9681 (Seniors direct contact),https://www.thearcofpgc.org/,"Deparamos información, derivaciones y asistencia para la solicitud a los residentes del Prince George's County con discapacidades y a los mayores de 65 años. Cada residente del Prince George's County que solicita asistencia recibe una guía gratuita de selección de prestaciones que explora varias beneficios federales y estatales."
15,MARY’S CENTER - ADELPHI MD,MARY'S CENTER FOR MATERNAL AND CHILD CARE INC.,"Mary's Center is demonstrating how improved access to prenatal and 
pediatric care, coupled with sensitivity to culture and family","El Mary Center es una organización que brinda servicios integrales de atención médica, social y educativa a personas y familias de bajos recursos y desatendidas, todo ello combinado con sensibilidad hacia la cultura y la familia.",,202-483-8196,https://www.clgfgm.org/,https://www.maryscenter.org/
2,Community CHEER,CHEER Community Health and Empowerment,"Open for registration to people who live in the following zip codes: 
20901, 20901, and 20912","Abierto el plazo de inscripción a las personas que vivan en los siguientes códigos postales: 20901, 20901 y 20912","8720 Carroll Avenue New Hampshire Estates, MD 20903",301-589-3633,https://www.communitycheer.org/contact,https://www.foodhelpline.org/directory/resources/cle82eotr023z0d02bdgcxmuc
7,Food Pantry,Metropolitan Seventh-day Adventist Church,"Weekly free food giveaway to members of the church and the community
Distribution is first come, first served. Early arrival is strongly suggested
Covers residents of Hyattsville, MD","Distribución semanal gratuita de alimentos a los miembros de la iglesia y de la comunidad. La distribución se realiza por orden de llegada. Se recomienda llegar temprano. Cubre a los residentes de Hyattsville, MD","6307 Riggs Road Hyattsville, MD 20783",301-853-2224,https://www.mncppc.org/Facilities/Facility/Details/Langley-Park-Community-Center-24      https://www.metrosda.org/,"https://www.findhelp.org/provider/metropolitan-seventh-day-adventist-church
--hyattsville-md/4983711449743360?postal=20783"